{"cameraMode":{"drawMode":0,"name":"Shaded","section":"Shading Mode"},"sceneLighting":false,"audioPlay":false,"sceneViewState":{"showFog":true,"showMaterialUpdate":false,"showSkybox":false,"showFlares":true,"showImageEffects":true,"showParticleSystems":true},"in2DMode":false,"pivot":{"x":1.06201171875,"y":2.079986572265625,"z":1.187999963760376},"rotation":{"x":0.34365716576576235,"y":-0.030983183532953264,"z":0.011337821371853352,"w":0.9385362863540649},"size":1.0800873041152955,"orthographic":false}