{"cameraMode":{"drawMode":0,"name":"Shaded","section":"Shading Mode"},"sceneLighting":true,"audioPlay":false,"sceneViewState":{"showFog":true,"showMaterialUpdate":true,"showSkybox":true,"showFlares":true,"showImageEffects":true,"showParticleSystems":true},"in2DMode":false,"pivot":{"x":-0.12151400744915009,"y":0.8609961271286011,"z":7.993866920471191},"rotation":{"x":0.07998606562614441,"y":-0.01127906609326601,"z":0.00021604914218187332,"w":0.996802568435669},"size":6.1178507804870609,"orthographic":false}