{"cameraMode":{"drawMode":0,"name":"Shaded","section":"Shading Mode"},"sceneLighting":false,"audioPlay":false,"sceneViewState":{"showFog":true,"showMaterialUpdate":false,"showSkybox":false,"showFlares":true,"showImageEffects":true,"showParticleSystems":true},"in2DMode":false,"pivot":{"x":5.940140724182129,"y":0.5260834097862244,"z":1.6902302503585816},"rotation":{"x":-0.002996116876602173,"y":-0.9966681003570557,"z":0.04338337853550911,"w":-0.06946802884340286},"size":0.1109057143330574,"orthographic":false}