{"cameraMode":{"drawMode":0,"name":"Shaded","section":"Shading Mode"},"sceneLighting":true,"audioPlay":false,"sceneViewState":{"showFog":true,"showMaterialUpdate":true,"showSkybox":true,"showFlares":true,"showImageEffects":true,"showParticleSystems":true},"in2DMode":false,"pivot":{"x":2.364285945892334,"y":1.2634062767028809,"z":0.016704795882105829},"rotation":{"x":0.1419958919286728,"y":-0.22156499326229096,"z":0.03199876844882965,"w":0.9643010497093201},"size":6.072824954986572,"orthographic":false}