{"cameraMode":{"drawMode":0,"name":"Shaded","section":"Shading Mode"},"sceneLighting":true,"audioPlay":false,"sceneViewState":{"showFog":true,"showMaterialUpdate":true,"showSkybox":true,"showFlares":true,"showImageEffects":true,"showParticleSystems":true},"in2DMode":false,"pivot":{"x":7.777429580688477,"y":0.21628904342651368,"z":-0.2674417495727539},"rotation":{"x":0.05975525826215744,"y":0.7209856510162354,"z":-0.06386260688304901,"w":0.6875011324882507},"size":10.4302978515625,"orthographic":false}